run_id,timestamp_ms,raw_m,filtered_m,residual_m,label
1,144109,5.68,5.73,-0.05,0
1,144207,5.56,5.67,-0.11,0
1,144516,5.31,5.53,-0.22,0
1,144554,5.33,5.45,-0.12,0
1,144732,5.21,5.36,-0.15,0
1,144855,5.13,5.27,-0.14,0
1,144923,5.04,5.18,-0.14,0
1,145091,4.88,5.06,-0.18,0
1,145164,4.86,4.98,-0.12,0
1,145357,4.63,4.85,-0.22,0
1,145456,4.54,4.73,-0.19,0
1,145548,4.46,4.62,-0.16,0
1,145691,4.34,4.51,-0.17,0
1,145779,4.24,4.41,-0.17,0
1,145982,3.94,4.22,-0.28,0
1,146005,3.90,4.10,-0.20,0
1,146139,3.92,4.03,-0.11,0
1,146317,4.02,4.03,-0.01,0
1,146380,4.03,4.03,0.00,0
1,146583,3.71,3.90,-0.19,0
1,146676,3.56,3.77,-0.21,0
1,146799,3.23,3.56,-0.33,0
1,146872,3.18,3.41,-0.23,0
1,147040,3.04,3.27,-0.23,0
1,147168,2.95,3.14,-0.19,0
1,147240,2.93,3.06,-0.13,0
1,147383,3.01,3.04,-0.03,0
1,147447,3.01,3.03,-0.02,0
1,147650,3.05,3.04,0.01,0
1,147783,2.93,3.00,-0.07,0
1,147840,2.77,2.91,-0.14,0
1,147913,2.43,2.72,-0.29,0
1,148106,2.02,2.45,-0.43,0
1,148164,2.24,2.37,-0.13,0
1,148287,2.17,2.29,-0.12,0
1,148406,2.10,2.22,-0.12,0
1,148564,2.06,2.15,-0.09,0
1,148731,1.94,2.07,-0.13,0
1,148789,1.93,2.02,-0.09,0
1,148932,1.81,1.94,-0.13,0
1,149100,1.71,1.85,-0.14,0
1,149149,1.65,1.77,-0.12,0
1,149307,1.53,1.68,-0.15,0
1,149390,1.49,1.60,-0.11,0
1,149583,1.51,1.57,-0.06,0
1,149641,1.46,1.53,-0.07,0
1,149724,1.45,1.50,-0.05,0
1,149857,1.37,1.45,-0.08,0
1,150050,1.30,1.39,-0.09,0
2,185717,6.50,6.55,-0.05,0
2,185786,6.53,6.54,-0.01,0
2,185933,6.53,6.53,-0.00,0
2,186111,6.54,6.54,0.00,0
2,186129,6.53,6.53,-0.00,0
2,186328,6.53,6.53,-0.00,0
2,186435,6.52,6.53,-0.01,0
2,186508,6.48,6.51,-0.03,0
2,186626,6.53,6.52,0.01,0
2,186760,6.49,6.51,-0.02,0
2,186928,6.45,6.48,-0.03,0
2,187001,6.31,6.42,-0.11,0
2,187093,6.17,6.32,-0.15,0
2,187241,6.28,6.30,-0.02,0
2,187409,6.23,6.28,-0.05,0
2,187442,6.22,6.25,-0.03,0
2,187625,6.10,6.19,-0.09,0
2,187743,6.00,6.12,-0.12,0
2,187817,5.92,6.04,-0.12,0
2,187984,5.80,5.95,-0.15,0
2,188057,5.80,5.89,-0.09,0
2,188245,5.65,5.80,-0.15,0
2,188343,5.56,5.70,-0.14,0
2,188442,5.49,5.62,-0.13,0
2,188585,5.47,5.56,-0.09,0
2,188668,5.41,5.50,-0.09,0
2,188871,5.24,5.40,-0.16,0
2,188893,5.22,5.33,-0.11,0
2,189027,5.08,5.23,-0.15,0
2,189210,4.97,5.13,-0.16,0
2,189268,4.84,5.02,-0.18,0
2,189471,4.70,4.89,-0.19,0
2,189569,4.76,4.84,-0.08,0
2,190059,4.49,4.70,-0.21,0
2,190133,4.64,4.68,-0.04,0
2,190275,4.13,4.46,-0.33,0
2,190334,4.03,4.30,-0.27,0
2,190542,3.85,4.12,-0.27,0
2,190670,3.81,4.00,-0.19,0
2,190732,3.94,3.98,-0.04,0
2,190806,3.97,3.97,-0.00,0
2,191296,3.79,3.90,-0.11,0
2,191450,3.43,3.72,-0.29,0
2,191617,3.07,3.46,-0.39,0
2,191681,3.02,3.29,-0.27,0
2,191824,2.89,3.13,-0.24,0
2,191992,2.82,3.01,-0.19,0
2,192039,2.88,2.96,-0.08,0
2,192197,3.05,3.00,0.05,0
2,192532,2.83,2.93,-0.10,0
2,192616,2.83,2.89,-0.06,0
2,192748,2.57,2.77,-0.20,0
2,192942,2.20,2.55,-0.35,0
2,193000,2.14,2.39,-0.25,0
2,193083,2.09,2.27,-0.18,0
2,193285,2.07,2.19,-0.12,0
2,193384,2.13,2.17,-0.04,0
2,193551,1.99,2.10,-0.11,0
2,193589,1.89,2.02,-0.13,0
2,193732,1.68,1.89,-0.21,0
2,193911,1.62,1.78,-0.16,0
2,193949,1.66,1.73,-0.07,0
2,194092,1.60,1.68,-0.08,0
2,194199,1.58,1.64,-0.06,0
3,275790,7.00,7.00,0.00,0
3,275864,6.96,6.97,-0.01,0
3,276006,7.00,6.98,0.02,0
3,276195,7.03,7.00,0.03,0
3,276403,6.99,7.00,-0.01,0
3,277071,7.01,7.00,0.01,0
3,277170,7.00,7.00,-0.00,0
3,277312,7.01,7.00,0.01,0
3,277889,6.74,6.90,-0.16,0
3,278128,6.57,6.77,-0.20,0
3,278321,6.30,6.59,-0.29,0
3,279099,5.79,6.28,-0.49,0
3,279282,5.70,6.05,-0.35,0
3,279340,5.67,5.90,-0.23,0
3,279543,5.55,5.76,-0.21,0
3,280347,4.82,5.40,-0.58,0
3,280611,4.64,5.10,-0.46,0
3,280744,4.56,4.89,-0.33,0
3,280808,4.54,4.75,-0.21,0
3,280875,4.49,4.65,-0.16,0
3,281371,4.41,4.56,-0.15,0
3,281524,3.98,4.33,-0.35,0
3,281692,3.79,4.12,-0.33,0
3,281756,3.66,3.94,-0.28,0
3,281899,3.67,3.83,-0.16,0
3,282066,3.50,3.70,-0.20,0
3,282115,3.58,3.66,-0.08,0
3,282268,3.70,3.67,0.03,0
3,282356,3.69,3.68,0.01,0
3,282543,3.32,3.54,-0.22,0
3,282606,3.13,3.38,-0.25,0
3,282690,2.88,3.18,-0.30,0
3,282823,2.86,3.06,-0.20,0
3,283016,2.55,2.86,-0.31,0
3,283073,2.44,2.70,-0.26,0
3,283156,2.66,2.68,-0.02,0
3,283360,2.80,2.73,0.07,0
3,283458,2.81,2.76,0.05,0
3,283626,2.51,2.66,-0.15,0
3,283664,2.38,2.55,-0.17,0
3,283807,1.99,2.33,-0.34,0
3,283985,1.92,2.17,-0.25,0
3,284023,1.85,2.05,-0.20,0
3,284166,1.83,1.96,-0.13,0
3,284273,1.79,1.89,-0.10,0
3,284451,1.79,1.85,-0.06,0
3,284480,1.76,1.82,-0.06,0
3,284608,1.76,1.79,-0.03,0
3,284740,1.65,1.74,-0.09,0
3,284849,1.59,1.68,-0.09,0
3,284971,1.49,1.61,-0.12,0
4,336042,7.15,7.34,-0.19,0
4,337410,5.97,6.63,-0.66,0
4,337533,5.96,6.34,-0.38,0
4,337651,5.80,6.12,-0.32,0
4,338393,7.14,6.52,0.62,0
4,338552,6.68,6.58,0.10,0
4,338635,5.02,5.97,-0.95,0
4,338969,4.93,5.57,-0.64,0
4,339102,5.07,5.37,-0.30,0
4,339295,4.87,5.18,-0.31,0
4,339645,3.83,4.65,-0.82,0
4,339739,3.59,4.24,-0.65,0
4,339906,3.62,4.00,-0.38,0
4,339944,3.68,3.87,-0.19,0
4,340087,3.67,3.79,-0.12,0
4,340265,3.73,3.77,-0.04,0
4,340304,3.77,3.77,0.00,0
4,340447,3.67,3.73,-0.06,0
4,340554,3.52,3.65,-0.13,0
4,340737,3.13,3.45,-0.32,0
4,340760,2.98,3.26,-0.28,0
4,340893,2.88,3.11,-0.23,0
4,341021,2.91,3.03,-0.12,0
4,341129,2.72,2.91,-0.19,0
4,341252,2.69,2.83,-0.14,0
4,341466,2.91,2.86,0.05,0
4,341574,2.88,2.87,0.01,0
4,341681,2.70,2.80,-0.10,0
4,341770,2.52,2.69,-0.17,0
4,341878,2.24,2.52,-0.28,0
4,342021,1.99,2.31,-0.32,0
4,342163,1.84,2.13,-0.29,0
4,342297,1.76,1.98,-0.22,0
4,342329,1.79,1.91,-0.12,0
4,342548,1.67,1.82,-0.15,0
4,342646,1.62,1.74,-0.12,0
4,342693,1.51,1.65,-0.14,0
4,342836,1.53,1.60,-0.07,0
4,342979,1.47,1.55,-0.08,0
4,343053,1.42,1.50,-0.08,0
4,343255,1.29,1.42,-0.13,0
4,343338,1.24,1.35,-0.11,0
4,343482,1.24,1.31,-0.07,0
4,343545,1.22,1.27,-0.05,0
4,343723,1.19,1.24,-0.05,0
5,378338,9.41,9.41,0.00,0
5,379061,8.88,8.96,-0.08,0
5,379310,8.62,8.78,-0.16,0
5,379478,8.58,8.70,-0.12,0
5,379995,7.88,8.36,-0.48,0
5,380174,7.91,8.18,-0.27,0
5,380297,7.85,8.05,-0.20,0
5,380369,7.78,7.95,-0.17,0
5,380537,7.71,7.85,-0.14,0
5,380605,7.65,7.77,-0.12,0
5,380798,7.56,7.69,-0.13,0
5,380897,7.48,7.61,-0.13,0
5,380990,7.40,7.53,-0.13,0
5,383285,5.25,6.64,-1.39,0
5,383353,5.10,6.04,-0.94,0
5,383546,5.04,5.65,-0.61,0
5,383609,5.02,5.40,-0.38,0
5,383848,5.30,5.36,-0.06,0
5,384172,4.85,5.16,-0.31,0
5,384376,4.42,4.87,-0.45,0
5,384544,4.05,4.55,-0.50,0
5,384592,4.03,4.35,-0.32,0
5,384746,3.97,4.20,-0.23,0
5,384833,3.89,4.08,-0.19,0
5,385022,4.26,4.15,0.11,0
5,385165,4.22,4.18,0.04,0
5,385299,3.86,4.05,-0.19,0
5,385492,3.31,3.76,-0.45,0
5,385549,3.13,3.52,-0.39,0
5,385638,3.03,3.33,-0.30,0
5,385841,2.91,3.16,-0.25,0
5,385934,2.92,3.07,-0.15,0
5,386102,3.02,3.05,-0.03,0
5,386140,3.05,3.05,0.00,0
5,386282,2.86,2.98,-0.12,0
5,386466,2.56,2.81,-0.25,0
5,386499,2.37,2.64,-0.27,0
5,386642,2.11,2.43,-0.32,0
5,386750,2.01,2.27,-0.26,0
5,386933,1.96,2.15,-0.19,0
5,386956,1.95,2.07,-0.12,0
5,387088,1.88,2.00,-0.12,0
5,387221,1.82,1.93,-0.11,0
5,387329,1.76,1.86,-0.10,0
5,387447,1.67,1.79,-0.12,0
5,387666,1.56,1.70,-0.14,0
5,387774,1.43,1.59,-0.16,0
5,387881,1.44,1.53,-0.09,0
5,387965,1.35,1.46,-0.11,0
5,388073,1.38,1.43,-0.05,0
5,388359,1.34,1.38,-0.04,0
6,518005,6.13,7.28,-1.15,0
6,518063,6.33,6.91,-0.58,0
6,518614,6.24,6.65,-0.41,0
6,519010,4.99,6.00,-1.01,0
6,519158,4.97,5.60,-0.63,0
6,519599,4.52,5.18,-0.66,0
6,519733,4.24,4.81,-0.57,0
6,520177,3.87,4.44,-0.57,0
6,520286,3.87,4.22,-0.35,0
6,520393,3.82,4.06,-0.24,0
6,520582,3.70,3.92,-0.22,0
6,520731,3.40,3.72,-0.32,0
6,520874,3.27,3.54,-0.27,0
6,521006,3.20,3.41,-0.21,0
6,521039,3.19,3.32,-0.13,0
6,521258,2.92,3.17,-0.25,0
6,521351,2.94,3.08,-0.14,0
6,521399,2.91,3.01,-0.10,0
6,521546,2.80,2.93,-0.13,0
6,521690,2.82,2.89,-0.07,0
6,521763,2.60,2.77,-0.17,0
6,521966,2.53,2.68,-0.15,0
6,522049,2.36,2.55,-0.19,0
6,522192,2.21,2.42,-0.21,0
6,522254,2.13,2.31,-0.18,0
6,522432,2.15,2.25,-0.10,0
6,522551,1.97,2.14,-0.17,0
6,522659,1.91,2.05,-0.14,0
6,522756,1.93,2.00,-0.07,0
6,522900,1.86,1.95,-0.09,0
6,522997,1.84,1.91,-0.07,0
6,523106,1.76,1.85,-0.09,0
6,523258,1.63,1.76,-0.13,0
6,523331,1.67,1.73,-0.06,0
6,523535,1.61,1.68,-0.07,0
6,523658,1.54,1.63,-0.09,0
6,523716,1.52,1.58,-0.06,0
7,604482,7.06,7.00,0.06,0
7,604680,7.15,7.06,0.09,0
7,604859,7.25,7.14,0.11,0
7,604977,7.29,7.20,0.09,0
7,605110,7.29,7.23,0.06,0
7,605278,7.33,7.27,0.06,0
7,605351,7.37,7.31,0.06,0
7,605449,7.44,7.36,0.08,0
7,605592,7.55,7.43,0.12,0
7,605760,7.61,7.50,0.11,0
7,605793,7.56,7.53,0.03,0
7,605976,7.67,7.58,0.09,0
7,606094,7.70,7.63,0.07,0
7,606167,7.67,7.64,0.03,0
7,606335,7.63,7.64,-0.01,0
7,606409,7.72,7.67,0.05,0
7,606601,7.71,7.69,0.02,0
7,606695,7.67,7.68,-0.01,0
7,606792,7.69,7.68,0.01,0
7,606935,7.68,7.68,-0.00,0
7,607018,7.70,7.69,0.01,0
7,607222,7.71,7.70,0.01,0
7,607250,7.70,7.70,0.00,0
7,607378,7.73,7.71,0.02,0
7,607561,7.66,7.69,-0.03,0
7,607619,7.64,7.67,-0.03,0
7,607822,7.61,7.65,-0.04,0
7,608040,7.91,7.75,0.16,0
7,608114,7.69,7.73,-0.04,0
7,609645,7.98,7.83,0.15,0
7,612264,6.19,7.19,-1.00,0
7,612297,6.22,6.81,-0.59,0
7,612753,5.68,6.37,-0.69,0
7,612887,5.15,5.89,-0.74,0
7,613019,5.17,5.61,-0.44,0
7,613127,5.05,5.39,-0.34,0
7,613246,4.87,5.19,-0.32,0
7,613464,4.85,5.06,-0.21,0
7,613572,4.79,4.95,-0.16,0
7,613765,4.65,4.83,-0.18,0
7,613874,4.45,4.68,-0.23,0
7,614016,4.15,4.48,-0.33,0
7,614290,3.79,4.21,-0.42,0
7,614329,3.77,4.04,-0.27,0
7,614542,3.68,3.90,-0.22,0
7,614640,3.69,3.82,-0.13,0
7,614688,3.66,3.76,-0.10,0
7,614976,3.43,3.63,-0.20,0
7,615050,3.15,3.44,-0.29,0
7,615252,2.95,3.25,-0.30,0
7,615335,2.84,3.09,-0.25,0
7,615478,2.75,2.96,-0.21,0
7,615541,2.62,2.83,-0.21,0
7,615720,2.52,2.71,-0.19,0
7,615838,2.46,2.61,-0.15,0
7,615945,2.37,2.52,-0.15,0
7,616043,2.34,2.45,-0.11,0
7,616187,2.05,2.29,-0.24,0
7,616284,2.00,2.18,-0.18,0
7,616393,1.75,2.01,-0.26,0
7,616546,1.70,1.89,-0.19,0
7,616619,1.63,1.79,-0.16,0
7,616822,1.51,1.68,-0.17,0
7,616944,1.50,1.61,-0.11,0
7,617002,1.45,1.55,-0.10,0
7,617111,1.51,1.53,-0.02,0
7,617244,1.44,1.50,-0.06,0
7,617362,1.21,1.38,-0.17,0
7,617509,1.05,1.25,-0.20,0
7,617593,1.04,1.17,-0.13,0
8,642742,9.79,9.87,-0.08,0
8,647340,8.32,9.27,-0.95,0
8,647449,8.37,8.92,-0.55,0
8,647868,7.51,8.37,-0.86,0
8,648349,6.72,7.72,-1.00,0
8,648467,6.55,7.27,-0.72,0
8,648515,6.70,7.04,-0.34,0
8,648925,6.08,6.67,-0.59,0
8,649019,5.85,6.35,-0.50,0
8,649152,5.63,6.07,-0.44,0
8,649344,5.49,5.84,-0.35,0
8,649403,5.41,5.67,-0.26,0
8,649475,5.34,5.54,-0.20,0
8,649669,5.16,5.39,-0.23,0
8,649802,5.08,5.27,-0.19,0
8,649860,4.95,5.15,-0.20,0
8,650003,4.59,4.93,-0.34,0
8,650101,4.38,4.71,-0.33,0
8,650269,3.94,4.41,-0.47,0
8,650377,3.72,4.14,-0.42,0
8,650475,3.66,3.95,-0.29,0
8,650653,3.36,3.72,-0.36,0
8,650751,3.00,3.44,-0.44,0
8,650869,2.66,3.14,-0.48,0
8,651012,2.53,2.90,-0.37,0
8,651095,2.25,2.65,-0.40,0
8,651183,2.06,2.42,-0.36,0
8,651326,1.95,2.23,-0.28,0
8,651479,1.80,2.07,-0.27,0
8,651527,1.76,1.95,-0.19,0
8,651659,1.50,1.77,-0.27,0
8,651767,1.42,1.63,-0.21,0
8,651891,1.30,1.50,-0.20,0
8,652079,1.22,1.39,-0.17,0
8,652212,1.09,1.27,-0.18,0
8,652234,1.10,1.21,-0.11,0
8,652383,1.14,1.18,-0.04,0
8,652551,1.05,1.13,-0.08,0
8,652618,1.03,1.09,-0.06,0
8,652767,0.90,1.02,-0.12,0
8,652945,0.90,0.97,-0.07,0
8,653062,0.67,0.85,-0.18,0
9,737337,7.20,9.45,-2.25,0
9,737360,7.15,8.55,-1.40,0
9,737730,6.18,7.63,-1.45,0
9,737854,5.64,6.85,-1.21,0
9,738066,4.99,6.12,-1.13,0
9,738174,5.11,5.73,-0.62,0
9,738282,4.93,5.42,-0.49,0
9,738371,4.66,5.12,-0.46,0
9,738479,4.37,4.83,-0.46,0
9,738622,3.92,4.47,-0.55,0
9,738765,3.42,4.06,-0.64,0
9,738898,3.28,3.76,-0.48,0
9,738931,3.20,3.54,-0.34,0
9,739149,3.20,3.41,-0.21,0
9,739247,2.98,3.24,-0.26,0
9,739295,2.81,3.07,-0.26,0
9,739438,2.23,2.74,-0.51,0
9,739580,1.93,2.43,-0.50,0
9,739653,1.81,2.19,-0.38,0
9,739857,1.58,1.95,-0.37,0
9,739940,1.46,1.76,-0.30,0
9,740083,1.39,1.61,-0.22,0
9,740146,1.36,1.52,-0.16,0
9,740324,1.16,1.38,-0.22,0
9,740443,1.13,1.28,-0.15,0
9,740551,1.08,1.20,-0.12,0
9,740648,1.03,1.13,-0.10,0
9,740792,1.00,1.08,-0.08,0
9,740890,1.00,1.05,-0.05,0
9,740997,0.92,1.00,-0.08,0
10,803848,10.16,10.21,-0.05,0
10,803946,10.13,10.18,-0.05,0
10,804472,9.75,10.01,-0.26,0
10,806535,7.81,9.15,-1.34,0
10,806753,6.27,8.03,-1.76,0
10,806846,6.03,7.25,-1.22,0
10,806894,6.13,6.81,-0.68,0
10,807042,6.01,6.50,-0.49,0
10,807256,6.00,6.30,-0.30,0
10,807459,5.67,6.06,-0.39,0
10,807542,5.37,5.79,-0.42,0
10,807690,5.10,5.52,-0.42,0
10,807748,4.87,5.27,-0.40,0
10,807927,4.64,5.02,-0.38,0
10,808049,4.65,4.88,-0.23,0
10,808253,4.83,4.86,-0.03,0
10,808397,4.83,4.85,-0.02,0
10,808495,4.64,4.77,-0.13,0
10,808603,4.53,4.67,-0.14,0
10,808756,3.98,4.40,-0.42,0
10,808829,3.92,4.21,-0.29,0
10,809032,3.49,3.93,-0.44,0
10,809155,3.43,3.74,-0.31,0
10,809213,3.41,3.61,-0.20,0
10,809321,3.48,3.56,-0.08,0
10,809453,3.43,3.51,-0.08,0
10,809572,3.19,3.38,-0.19,0
10,809714,2.51,3.04,-0.53,0
10,809802,2.19,2.71,-0.52,0
10,809895,1.93,2.41,-0.48,0
10,810113,1.83,2.18,-0.35,0
10,810171,1.85,2.05,-0.20,0
10,810269,1.80,1.95,-0.15,0
10,810377,1.79,1.89,-0.10,0
10,810571,1.65,1.80,-0.15,0
10,810619,1.65,1.74,-0.09,0
10,810797,1.56,1.67,-0.11,0
10,810930,1.46,1.59,-0.13,0
10,811037,1.38,1.51,-0.13,0
10,811110,1.39,1.46,-0.07,0
10,811278,1.34,1.41,-0.07,0
10,811397,1.32,1.38,-0.06,0
10,811445,1.35,1.37,-0.02,0
10,811648,1.25,1.32,-0.07,0
11,863010,10.88,9.82,1.06,0
11,864365,10.17,9.95,0.22,0
11,864424,10.14,10.03,0.11,0
11,864522,10.07,10.04,0.03,0
11,864630,10.01,10.03,-0.02,0
11,864823,9.86,9.96,-0.10,0
11,864871,9.81,9.90,-0.09,0
11,865049,9.77,9.85,-0.08,0
11,865182,9.59,9.75,-0.16,0
11,865527,9.49,9.65,-0.16,0
11,865651,9.48,9.58,-0.10,0
11,865899,9.47,9.54,-0.07,0
11,869726,6.65,8.41,-1.76,0
11,869799,6.50,7.66,-1.16,0
11,869942,6.35,7.15,-0.80,0
11,870604,8.19,7.56,0.63,0
11,870643,6.23,7.04,-0.81,0
11,870770,5.81,6.56,-0.75,0
11,870904,5.49,6.14,-0.65,0
11,871036,5.39,5.85,-0.46,0
11,871135,5.29,5.63,-0.34,0
11,871263,5.14,5.44,-0.30,0
11,871446,5.32,5.39,-0.07,0
11,871539,5.24,5.33,-0.09,0
11,871647,5.31,5.32,-0.01,0
11,871770,5.23,5.29,-0.06,0
11,871888,4.96,5.16,-0.20,0
11,872045,4.49,4.90,-0.41,0
11,872064,4.42,4.71,-0.29,0
11,872187,4.41,4.59,-0.18,0
11,872405,4.21,4.44,-0.23,0
11,872513,4.12,4.32,-0.20,0
11,872571,4.08,4.22,-0.14,0
11,872738,4.24,4.23,0.01,0
11,872812,4.23,4.23,-0.00,0
11,872979,4.18,4.21,-0.03,0
11,873027,4.09,4.16,-0.07,0
11,873151,3.88,4.05,-0.17,0
11,873259,3.43,3.81,-0.38,0
11,873402,3.30,3.61,-0.31,0
11,873579,3.06,3.40,-0.34,0
11,873653,3.12,3.29,-0.17,0
11,873760,2.97,3.16,-0.19,0
11,873858,2.99,3.10,-0.11,0
11,873976,3.14,3.11,0.03,0
11,874180,3.11,3.11,-0.00,0
11,874243,2.97,3.06,-0.09,0
11,874420,2.50,2.84,-0.34,0
11,874469,2.30,2.63,-0.33,0
11,874637,2.06,2.41,-0.35,0
11,874719,2.03,2.26,-0.23,0
11,874818,1.96,2.14,-0.18,0
11,874950,1.96,2.07,-0.11,0
11,875103,2.02,2.05,-0.03,0
11,875187,2.10,2.07,0.03,0
11,875405,2.07,2.07,-0.00,0
11,875488,1.87,1.99,-0.12,0
11,875620,1.57,1.83,-0.26,0
11,875658,1.53,1.71,-0.18,0
11,875786,1.61,1.67,-0.06,0
11,875980,1.57,1.63,-0.06,0
12,1079238,10.80,10.73,0.07,0
12,1079457,10.68,10.71,-0.03,0
12,1080164,10.62,10.68,-0.06,0
12,1080248,10.64,10.66,-0.02,0
12,1080391,10.52,10.61,-0.09,0
12,1080454,10.55,10.58,-0.03,0
12,1081302,10.73,10.64,0.09,0
12,1085299,7.46,9.40,-1.94,0
12,1085432,7.62,8.70,-1.08,0
12,1086105,5.89,7.61,-1.72,0
12,1086283,5.52,6.79,-1.27,0
12,1086381,5.39,6.24,-0.85,0
12,1086500,5.14,5.81,-0.67,0
12,1086728,4.89,5.45,-0.56,0
12,1086812,4.53,5.09,-0.56,0
12,1086954,3.87,4.62,-0.75,0
12,1087112,3.44,4.16,-0.72,0
12,1087160,3.49,3.90,-0.41,0
12,1087294,3.14,3.60,-0.46,0
12,1087402,2.98,3.36,-0.38,0
12,1087520,2.72,3.11,-0.39,0
12,1087713,2.42,2.84,-0.42,0
12,1087845,2.25,2.61,-0.36,0
12,1087868,2.20,2.45,-0.25,0
12,1088012,2.07,2.30,-0.23,0
12,1088180,1.91,2.15,-0.24,0
12,1088253,1.81,2.02,-0.21,0
12,1088396,1.81,1.94,-0.13,0
12,1088574,1.71,1.85,-0.14,0
12,1088696,1.60,1.75,-0.15,0
13,1134331,9.30,9.05,0.25,0
13,1134715,9.67,9.29,0.38,0
13,1134858,9.77,9.48,0.29,0
13,1141506,7.27,8.62,-1.35,0
13,1141922,7.18,8.06,-0.88,0
13,1142045,6.81,7.57,-0.76,0
13,1142189,6.39,7.11,-0.72,0
13,1142367,5.98,6.67,-0.69,0
13,1142585,6.00,6.41,-0.41,0
13,1142643,6.08,6.28,-0.20,0
13,1142742,6.15,6.23,-0.08,0
13,1143267,5.21,5.83,-0.62,0
13,1143400,4.75,5.41,-0.66,0
13,1143509,4.76,5.16,-0.40,0
13,1143582,4.67,4.97,-0.30,0
13,1143750,4.54,4.80,-0.26,0
13,1143868,4.55,4.70,-0.15,0
13,1143915,4.54,4.64,-0.10,0
13,1144124,4.65,4.64,0.01,0
13,1144252,4.49,4.58,-0.09,0
13,1144325,4.36,4.50,-0.14,0
13,1144423,4.19,4.38,-0.19,0
13,1144551,3.78,4.14,-0.36,0
13,1144744,3.47,3.88,-0.41,0
13,1144806,3.47,3.72,-0.25,0
13,1144875,3.38,3.59,-0.21,0
13,1145068,3.35,3.49,-0.14,0
13,1145201,3.54,3.51,0.03,0
13,1145259,3.55,3.53,0.02,0
13,1145407,3.31,3.44,-0.13,0
13,1145500,3.11,3.31,-0.20,0
13,1145667,3.01,3.19,-0.18,0
13,1145776,2.77,3.03,-0.26,0
13,1145874,2.78,2.93,-0.15,0
13,1146052,2.75,2.86,-0.11,0
13,1146150,2.80,2.84,-0.04,0
13,1146268,2.82,2.83,-0.01,0
13,1146411,2.75,2.80,-0.05,0
13,1146499,2.64,2.74,-0.10,0
13,1146582,2.52,2.65,-0.13,0
13,1146725,2.44,2.57,-0.13,0
13,1146883,2.32,2.47,-0.15,0
13,1146931,2.27,2.39,-0.12,0
13,1147059,2.21,2.32,-0.11,0
13,1147167,2.18,2.27,-0.09,0
13,1147290,2.03,2.17,-0.14,0
13,1147483,1.97,2.09,-0.12,0
13,1147611,1.91,2.02,-0.11,0
13,1147639,1.87,1.96,-0.09,0
13,1147782,1.75,1.88,-0.13,0
13,1147950,1.63,1.78,-0.15,0
13,1148023,1.65,1.73,-0.08,0
13,1148166,1.55,1.66,-0.11,0
13,1148343,1.51,1.60,-0.09,0
13,1148466,1.46,1.55,-0.09,0
13,1148559,1.42,1.50,-0.08,0
14,128481,11.76,11.85,-0.09,0
14,128569,11.51,11.72,-0.21,0
14,128757,10.88,11.39,-0.51,0
14,128820,10.85,11.18,-0.33,0
14,129034,10.46,10.90,-0.44,0
14,129227,10.44,10.72,-0.28,0
14,129285,10.49,10.63,-0.14,0
14,129373,10.49,10.58,-0.09,0
14,129576,10.29,10.46,-0.17,0
14,129669,9.95,10.26,-0.31,0
14,129873,8.96,9.75,-0.79,0
14,130021,8.53,9.28,-0.75,0
14,130199,8.28,8.89,-0.61,0
14,130237,8.23,8.63,-0.40,0
14,130486,7.83,8.32,-0.49,0
14,130669,7.24,7.90,-0.66,0
14,130692,7.17,7.61,-0.44,0
14,130825,6.87,7.32,-0.45,0
14,130953,6.61,7.04,-0.43,0
14,131061,6.64,6.89,-0.25,0
14,131184,6.74,6.83,-0.09,0
14,131397,6.41,6.67,-0.26,0
14,131505,6.14,6.46,-0.32,0
14,131613,5.85,6.22,-0.37,0
14,131701,5.58,5.97,-0.39,0
14,131809,5.44,5.76,-0.32,0
14,131952,5.32,5.59,-0.27,0
14,132095,5.27,5.47,-0.20,0
14,132228,5.00,5.28,-0.28,0
14,132261,4.92,5.14,-0.22,0
14,132479,4.19,4.77,-0.58,0
14,132577,3.92,4.44,-0.52,0
14,132625,3.86,4.21,-0.35,0
14,132768,3.68,4.00,-0.32,0
14,132911,3.76,3.91,-0.15,0
14,132984,3.81,3.87,-0.06,0
14,133187,3.81,3.85,-0.04,0
14,133270,3.69,3.79,-0.10,0
14,133413,3.38,3.63,-0.25,0
14,133476,3.17,3.45,-0.28,0
14,133654,2.84,3.21,-0.37,0
14,133777,2.67,3.00,-0.33,0
14,133885,2.70,2.88,-0.18,0
14,133978,2.68,2.80,-0.12,0
14,134121,2.73,2.77,-0.04,0
14,134219,2.76,2.77,-0.01,0
14,134327,2.64,2.72,-0.08,0
14,134485,2.30,2.56,-0.26,0
14,134553,2.12,2.39,-0.27,0
14,134761,1.83,2.17,-0.34,0
14,134879,1.84,2.04,-0.20,0
14,134937,1.83,1.96,-0.13,0
14,135045,1.84,1.91,-0.07,0
14,135178,1.79,1.86,-0.07,0
14,135301,1.72,1.81,-0.09,0
14,135444,1.64,1.74,-0.10,0
14,135527,1.56,1.67,-0.11,0
14,135625,1.55,1.62,-0.07,0
14,135838,1.48,1.57,-0.09,0
14,135901,1.39,1.50,-0.11,0
14,135994,1.41,1.46,-0.05,0
14,136102,1.39,1.44,-0.05,0
14,136295,1.31,1.39,-0.08,0
14,136343,1.32,1.36,-0.04,0
14,136521,1.26,1.32,-0.06,0
14,136654,1.20,1.27,-0.07,0
14,136762,1.14,1.22,-0.08,0
15,186391,13.51,13.60,-0.09,0
15,186524,13.45,13.54,-0.09,0
15,186702,13.30,13.45,-0.15,0
15,186765,13.28,13.38,-0.10,0
15,187184,12.94,13.21,-0.27,0
15,187424,12.80,13.05,-0.25,0
15,187557,12.68,12.91,-0.23,0
15,187625,12.69,12.82,-0.13,0
15,187829,12.60,12.73,-0.13,0
15,188037,12.71,12.73,-0.02,0
15,188165,12.74,12.73,0.01,0
15,188228,12.70,12.72,-0.02,0
15,188301,12.56,12.66,-0.10,0
15,188489,12.13,12.45,-0.32,0
15,188552,12.08,12.31,-0.23,0
15,188670,11.90,12.15,-0.25,0
15,188793,11.78,12.00,-0.22,0
15,188946,11.73,11.90,-0.17,0
15,189114,11.66,11.80,-0.14,0
15,189177,11.84,11.82,0.02,0
15,189320,11.76,11.80,-0.04,0
15,189488,11.46,11.66,-0.20,0
15,189536,11.23,11.49,-0.26,0
15,189689,10.91,11.27,-0.36,0
15,189777,10.85,11.10,-0.25,0
15,189965,10.73,10.96,-0.23,0
15,190028,10.68,10.85,-0.17,0
15,190242,10.62,10.76,-0.14,0
15,190435,10.79,10.77,0.02,0
15,190493,10.75,10.76,-0.01,0
15,190581,10.71,10.74,-0.03,0
15,190784,10.12,10.50,-0.38,0
15,191048,9.67,10.18,-0.51,0
15,191081,9.63,9.96,-0.33,0
15,191229,9.51,9.79,-0.28,0
15,191694,9.50,9.67,-0.17,0
15,192393,8.79,9.33,-0.54,0
15,192606,8.66,9.07,-0.41,0
15,192714,8.50,8.85,-0.35,0
15,192822,8.36,8.66,-0.30,0
15,192905,8.30,8.52,-0.22,0
15,193013,8.43,8.48,-0.05,0
15,193161,8.08,8.33,-0.25,0
15,193304,7.95,8.18,-0.23,0
15,193437,7.77,8.02,-0.25,0
15,193470,7.75,7.91,-0.16,0
15,193688,7.70,7.83,-0.13,0
15,193781,7.44,7.68,-0.24,0
15,193829,7.41,7.57,-0.16,0
15,193977,7.27,7.45,-0.18,0
15,194120,7.17,7.34,-0.17,0
15,194193,7.12,7.26,-0.14,0
15,194623,6.34,6.90,-0.56,0
15,194681,6.43,6.72,-0.29,0
15,194864,6.23,6.53,-0.30,0
15,194982,6.05,6.34,-0.29,0
15,195090,6.03,6.22,-0.19,0
15,195188,6.05,6.15,-0.10,0
15,195331,5.91,6.06,-0.15,0
15,195429,5.82,5.97,-0.15,0
15,195537,5.73,5.87,-0.14,0
15,195690,5.51,5.73,-0.22,0
15,195763,5.44,5.62,-0.18,0
15,195966,5.20,5.45,-0.25,0
15,196089,5.11,5.32,-0.21,0
15,196147,5.08,5.23,-0.15,0
15,196255,5.01,5.14,-0.13,0
15,196388,4.87,5.04,-0.17,0
15,196506,4.94,5.00,-0.06,0
15,196649,4.82,4.93,-0.11,0
15,196737,4.74,4.86,-0.12,0
15,196830,4.60,4.76,-0.16,0
15,197048,4.27,4.57,-0.30,0
15,197106,4.17,4.41,-0.24,0
15,197204,4.30,4.37,-0.07,0
15,197312,4.19,4.30,-0.11,0
15,197505,4.04,4.20,-0.16,0
15,197553,3.93,4.09,-0.16,0
15,197731,3.92,4.03,-0.11,0
15,197864,3.98,4.01,-0.03,0
15,197972,3.89,3.96,-0.07,0
15,198045,3.84,3.91,-0.07,0
15,198213,3.52,3.76,-0.24,0
15,198331,3.34,3.60,-0.26,0
15,198379,3.35,3.50,-0.15,0
15,198582,3.26,3.41,-0.15,0
15,198715,3.14,3.30,-0.16,0
15,198788,3.04,3.20,-0.16,0
15,198881,2.92,3.09,-0.17,0
15,199014,2.94,3.03,-0.09,0
15,199207,2.85,2.96,-0.11,0
15,199265,2.75,2.88,-0.13,0
15,199338,2.62,2.78,-0.16,0
15,199531,2.20,2.55,-0.35,0
15,199664,2.19,2.41,-0.22,0
15,199722,2.19,2.32,-0.13,0
15,199865,2.16,2.26,-0.10,0
15,199963,2.13,2.21,-0.08,0
15,200131,2.10,2.17,-0.07,0
15,200239,2.00,2.10,-0.10,0
15,200337,1.97,2.05,-0.08,0
15,200515,1.90,1.99,-0.09,0
15,200613,1.91,1.96,-0.05,0
15,200731,1.85,1.92,-0.07,0
15,200874,1.82,1.88,-0.06,0
15,200957,1.77,1.84,-0.07,0
16,247000,12.68,12.76,-0.08,0
16,247073,12.61,12.70,-0.09,0
16,247241,12.49,12.62,-0.13,0
16,247445,12.36,12.52,-0.16,0
16,247588,12.26,12.42,-0.16,0
16,247651,12.19,12.33,-0.14,0
16,247854,12.07,12.23,-0.16,0
16,247987,11.97,12.13,-0.16,0
16,248045,11.91,12.04,-0.13,0
16,248118,11.87,11.98,-0.11,0
16,248311,11.76,11.89,-0.13,0
16,248369,11.67,11.80,-0.13,0
16,248492,11.56,11.71,-0.15,0
16,248610,11.48,11.62,-0.14,0
16,248994,11.49,11.57,-0.08,0
16,249138,11.45,11.52,-0.07,0
16,249306,11.36,11.46,-0.10,0
16,249354,11.36,11.42,-0.06,0
16,249512,11.00,11.26,-0.26,0
16,249595,10.88,11.11,-0.23,0
16,249788,10.75,10.97,-0.22,0
16,249846,10.62,10.83,-0.21,0
16,249929,10.55,10.72,-0.17,0
16,250062,10.42,10.60,-0.18,0
16,250255,10.52,10.57,-0.05,0
16,250313,10.70,10.62,0.08,0
16,250396,10.78,10.68,0.10,0
16,250700,10.49,10.61,-0.12,0
16,250868,9.87,10.32,-0.45,0
16,250901,9.67,10.07,-0.40,0
16,251044,9.38,9.80,-0.42,0
16,251227,9.28,9.60,-0.32,0
16,251260,9.32,9.49,-0.17,0
16,251408,9.20,9.38,-0.18,0
16,251516,9.34,9.36,-0.02,0
16,251719,9.63,9.47,0.16,0
16,251983,9.47,9.47,0.00,0
16,252092,9.06,9.31,-0.25,0
16,252210,8.74,9.09,-0.35,0
16,252428,8.21,8.74,-0.53,0
16,252536,8.12,8.50,-0.38,0
16,252644,7.92,8.27,-0.35,0
16,252727,7.91,8.13,-0.22,0
16,252835,7.70,7.96,-0.26,0
16,252978,7.79,7.90,-0.11,0
16,253121,7.82,7.87,-0.05,0
16,253254,7.44,7.70,-0.26,0
16,253292,7.37,7.57,-0.20,0
16,253505,5.94,6.93,-0.99,0
16,253603,5.56,6.40,-0.84,0
16,253651,5.37,6.00,-0.63,0
16,253794,5.01,5.61,-0.60,0
16,253937,4.69,5.25,-0.56,0
16,254010,4.61,5.00,-0.39,0
16,254213,4.55,4.83,-0.28,0
16,254296,4.28,4.61,-0.33,0
16,254444,3.55,4.20,-0.65,0
16,254502,3.22,3.82,-0.60,0
16,254680,2.61,3.35,-0.74,0
16,254803,2.42,2.98,-0.56,0
16,254911,2.38,2.75,-0.37,0
16,255004,2.22,2.54,-0.32,0
16,255152,1.95,2.31,-0.36,0
16,255245,1.97,2.18,-0.21,0
16,255353,1.85,2.05,-0.20,0
16,255511,1.73,1.92,-0.19,0
16,255584,1.71,1.84,-0.13,0
16,255787,1.53,1.72,-0.19,0
16,255905,1.50,1.63,-0.13,0
16,255968,1.46,1.57,-0.11,0
16,256076,1.28,1.45,-0.17,0
16,256204,1.34,1.41,-0.07,0
16,256327,1.28,1.36,-0.08,0
16,256470,1.25,1.32,-0.07,0
17,308548,11.97,12.02,-0.05,0
17,308566,12.01,12.02,-0.01,0
17,308764,11.98,12.00,-0.02,0
17,308872,12.03,12.01,0.02,0
17,308945,12.02,12.02,0.00,0
17,309063,11.97,12.00,-0.03,0
17,309196,11.99,11.99,-0.00,0
17,309364,11.94,11.97,-0.03,0
17,309437,11.93,11.96,-0.03,0
17,309535,12.02,11.98,0.04,0
17,309678,11.97,11.98,-0.01,0
17,309846,11.95,11.97,-0.02,0
17,309879,11.87,11.93,-0.06,0
17,310687,11.46,11.75,-0.29,0
17,310780,11.34,11.59,-0.25,0
17,310878,11.17,11.42,-0.25,0
17,311021,10.82,11.19,-0.37,0
17,311104,10.63,10.97,-0.34,0
17,311307,10.10,10.63,-0.53,0
17,311335,10.08,10.42,-0.34,0
17,311463,9.80,10.18,-0.38,0
17,311646,9.44,9.89,-0.45,0
17,311704,9.25,9.64,-0.39,0
17,311907,8.65,9.25,-0.60,0
17,312005,7.98,8.76,-0.78,0
17,312123,7.60,8.30,-0.70,0
17,312196,7.43,7.96,-0.53,0
17,312364,6.88,7.54,-0.66,0
17,312497,6.55,7.15,-0.60,0
17,312570,6.39,6.86,-0.47,0
17,312713,5.70,6.40,-0.70,0
17,312771,5.52,6.06,-0.54,0
17,312979,4.98,5.64,-0.66,0
17,313107,4.64,5.25,-0.61,0
17,313170,4.36,4.90,-0.54,0
17,313243,4.17,4.62,-0.45,0
17,313431,3.81,4.30,-0.49,0
17,313494,3.72,4.07,-0.35,0
17,313612,3.23,3.74,-0.51,0
17,313735,2.82,3.38,-0.56,0
17,313888,2.54,3.05,-0.51,0
17,314056,2.35,2.78,-0.43,0
17,314119,2.03,2.49,-0.46,0
17,314262,1.76,2.20,-0.44,0
17,314430,1.52,1.94,-0.42,0
17,314478,1.42,1.73,-0.31,0
17,314631,1.21,1.53,-0.32,0
17,314719,1.15,1.38,-0.23,0
17,314907,1.22,1.32,-0.10,0
17,314970,1.15,1.25,-0.10,0
17,315053,1.16,1.22,-0.06,0
17,315186,1.12,1.18,-0.06,0
18,349879,11.46,11.29,0.17,0
18,349897,11.46,11.36,0.10,0
18,350095,11.58,11.45,0.13,0
18,350203,11.64,11.52,0.12,0
18,350276,11.69,11.59,0.10,0
18,350394,11.68,11.62,0.06,0
18,350527,11.84,11.71,0.13,0
18,350695,11.94,11.80,0.14,0
18,350768,11.93,11.85,0.08,0
18,350861,11.98,11.90,0.08,0
18,351009,12.09,11.97,0.12,0
18,351177,12.06,12.01,0.05,0
18,351210,12.12,12.05,0.07,0
18,351393,11.99,12.03,-0.04,0
18,351824,11.62,11.87,-0.25,0
18,352017,11.54,11.74,-0.20,0
18,352205,11.36,11.59,-0.23,0
18,352349,11.40,11.52,-0.12,0
18,352437,11.36,11.46,-0.10,0
18,352640,10.55,11.10,-0.55,0
18,352663,10.53,10.88,-0.35,0
18,352796,10.22,10.62,-0.40,0
18,352974,9.89,10.34,-0.45,0
18,353037,9.81,10.13,-0.32,0
18,353335,9.11,9.73,-0.62,0
18,353454,8.69,9.33,-0.64,0
18,353527,8.31,8.93,-0.62,0
18,353695,8.17,8.63,-0.46,0
18,353828,7.37,8.14,-0.77,0
18,353901,7.40,7.85,-0.45,0
18,354044,7.00,7.52,-0.52,0
18,354102,6.85,7.26,-0.41,0
18,354305,6.23,6.86,-0.63,0
18,354438,5.93,6.49,-0.56,0
18,354501,5.86,6.25,-0.39,0
18,354569,5.66,6.02,-0.36,0
18,354762,5.06,5.64,-0.58,0
18,354825,4.77,5.30,-0.53,0
18,354943,4.49,4.99,-0.50,0
18,355061,4.15,4.66,-0.51,0
18,355219,3.73,4.30,-0.57,0
18,355387,3.55,4.01,-0.46,0
18,355445,3.43,3.78,-0.35,0
18,355593,2.85,3.42,-0.57,0
18,355761,2.66,3.12,-0.46,0
18,355809,2.57,2.91,-0.34,0
18,355962,2.13,2.60,-0.47,0
18,356045,1.89,2.32,-0.43,0
18,356238,1.70,2.08,-0.38,0
18,356301,1.69,1.93,-0.24,0
18,356384,1.62,1.81,-0.19,0
18,356517,1.29,1.61,-0.32,0
18,356705,1.12,1.42,-0.30,0
18,356768,1.11,1.30,-0.19,0
18,356851,1.09,1.22,-0.13,0
18,357054,1.09,1.17,-0.08,0
18,357152,1.05,1.12,-0.07,0
19,378317,12.35,12.27,0.08,0
19,378460,12.44,12.35,0.09,0
19,380343,12.82,12.54,0.28,0
19,380511,12.73,12.61,0.12,0
19,380584,12.69,12.64,0.05,0
19,380777,12.54,12.60,-0.06,0
19,380870,12.41,12.53,-0.12,0
19,380968,12.35,12.46,-0.11,0
19,381111,12.20,12.36,-0.16,0
19,381194,12.15,12.28,-0.13,0
19,381402,11.95,12.15,-0.20,0
19,381425,11.88,12.04,-0.16,0
19,381795,11.47,11.82,-0.35,0
19,381998,11.11,11.54,-0.43,0
19,382096,10.92,11.30,-0.38,0
19,382214,10.85,11.12,-0.27,0
19,382287,10.62,10.93,-0.31,0
19,382455,10.20,10.64,-0.44,0
19,382588,10.09,10.43,-0.34,0
19,382661,10.00,10.26,-0.26,0
19,382864,9.47,9.95,-0.48,0
19,383068,8.87,9.53,-0.66,0
19,383201,8.75,9.23,-0.48,0
19,383259,8.57,8.97,-0.40,0
19,383332,8.33,8.72,-0.39,0
19,383525,8.11,8.48,-0.37,0
19,383583,7.95,8.27,-0.32,0
19,383706,7.65,8.03,-0.38,0
19,383824,7.11,7.67,-0.56,0
19,383982,6.97,7.40,-0.43,0
19,384150,6.61,7.09,-0.48,0
19,384208,6.52,6.87,-0.35,0
19,384351,6.40,6.68,-0.28,0
19,384519,6.16,6.48,-0.32,0
19,384567,6.09,6.33,-0.24,0
19,384725,5.76,6.11,-0.35,0
19,384808,5.71,5.95,-0.24,0
19,385001,5.37,5.72,-0.35,0
19,385059,5.40,5.60,-0.20,0
19,385142,5.17,5.43,-0.26,0
19,385275,5.35,5.40,-0.05,0
19,385468,5.40,5.40,0.00,0
19,385526,5.34,5.38,-0.04,0
19,385614,5.20,5.31,-0.11,0
19,385817,4.43,4.96,-0.53,0
19,385910,4.23,4.68,-0.45,0
19,386078,4.14,4.47,-0.33,0
19,386116,4.06,4.31,-0.25,0
19,386259,3.94,4.16,-0.22,0
19,386442,4.07,4.13,-0.06,0
19,386475,4.01,4.08,-0.07,0
19,386618,3.76,3.96,-0.20,0
19,386726,3.49,3.77,-0.28,0
19,386909,3.15,3.53,-0.38,0
19,386932,2.99,3.32,-0.33,0
19,387065,2.76,3.10,-0.34,0
19,387198,2.53,2.88,-0.35,0
19,387306,2.42,2.70,-0.28,0
19,387424,2.32,2.55,-0.23,0
19,387642,2.15,2.39,-0.24,0
19,387750,2.02,2.25,-0.23,0
19,387858,1.87,2.10,-0.23,0
19,387941,1.86,2.01,-0.15,0
19,388049,1.74,1.90,-0.16,0
20,422652,12.06,12.32,-0.26,0
20,422951,11.84,12.13,-0.29,0
20,423024,11.76,11.98,-0.22,0
20,423167,11.57,11.82,-0.25,0
20,423431,11.12,11.55,-0.43,0
20,423696,10.96,11.32,-0.36,0
20,424186,10.43,10.97,-0.54,0
20,424345,10.12,10.64,-0.52,0
20,424931,9.32,10.12,-0.80,0
20,425090,9.19,9.76,-0.57,0
20,425425,8.82,9.39,-0.57,0
20,425638,8.36,8.99,-0.63,0
20,425973,7.96,8.59,-0.63,0
20,426182,7.82,8.29,-0.47,0
20,426275,7.81,8.10,-0.29,0
20,426478,7.46,7.85,-0.39,0
20,426622,7.10,7.56,-0.46,0
20,426805,6.80,7.26,-0.46,0
20,426838,6.75,7.06,-0.31,0
20,426986,6.61,6.89,-0.28,0
20,427094,6.44,6.71,-0.27,0
20,427272,6.27,6.54,-0.27,0
20,427295,6.29,6.44,-0.15,0
20,427428,6.29,6.38,-0.09,0
20,427561,6.07,6.26,-0.19,0
20,427669,5.85,6.10,-0.25,0
20,427787,5.61,5.91,-0.30,0
20,428111,5.23,5.64,-0.41,0
20,428219,5.07,5.42,-0.35,0
20,428302,4.95,5.24,-0.29,0
20,428410,4.89,5.10,-0.21,0
20,428558,4.92,5.03,-0.11,0
20,428701,4.72,4.91,-0.19,0
20,428829,4.48,4.74,-0.26,0
20,428867,4.45,4.63,-0.18,0
20,429085,4.23,4.47,-0.24,0
20,429178,4.00,4.29,-0.29,0
20,429226,4.10,4.21,-0.11,0
20,429374,3.69,4.01,-0.32,0
20,429517,3.75,3.91,-0.16,0
20,429590,3.73,3.84,-0.11,0
20,429873,3.38,3.66,-0.28,0
20,430077,2.94,3.38,-0.44,0
20,430261,2.81,3.16,-0.35,0
20,430379,2.82,3.03,-0.21,0
20,430487,2.63,2.87,-0.24,0
20,430585,2.63,2.78,-0.15,0
20,430728,2.57,2.70,-0.13,0
20,431087,2.22,2.51,-0.29,0
20,431161,2.08,2.34,-0.26,0
20,431364,1.97,2.20,-0.23,0
20,431482,1.81,2.05,-0.24,0
20,431545,1.66,1.90,-0.24,0
20,431653,1.73,1.83,-0.10,0
20,431781,1.77,1.81,-0.04,0
21,474866,8.53,8.54,-0.01,0
21,474959,8.57,8.55,0.02,0
21,475057,8.67,8.60,0.07,0
21,475285,8.68,8.63,0.05,0
21,475510,8.82,8.70,0.12,0
21,475884,8.22,8.51,-0.29,0
21,476088,8.36,8.45,-0.09,0
21,476186,8.19,8.35,-0.16,0
21,476304,8.09,8.25,-0.16,0
21,476377,7.79,8.07,-0.28,0
21,476545,7.74,7.94,-0.20,0
21,476678,7.73,7.86,-0.13,0
21,476746,7.46,7.70,-0.24,0
21,476894,7.38,7.58,-0.20,0
21,476952,7.44,7.52,-0.08,0
21,477155,7.06,7.34,-0.28,0
21,477288,7.10,7.25,-0.15,0
21,477346,7.05,7.17,-0.12,0
21,477419,6.99,7.10,-0.11,0
21,477612,6.75,6.96,-0.21,0
21,477670,6.53,6.79,-0.26,0
21,477914,6.30,6.60,-0.30,0
21,478067,5.98,6.36,-0.38,0
21,478608,5.43,6.00,-0.57,0
21,478656,5.29,5.72,-0.43,0
21,478814,5.00,5.44,-0.44,0
21,478897,4.93,5.24,-0.31,0
21,479085,4.67,5.02,-0.35,0
21,479148,4.61,4.86,-0.25,0
21,479231,4.55,4.74,-0.19,0
21,479364,4.41,4.61,-0.20,0
21,479557,4.32,4.50,-0.18,0
21,479615,4.21,4.38,-0.17,0
21,479698,4.02,4.24,-0.22,0
21,479901,3.68,4.02,-0.34,0
21,479999,3.51,3.82,-0.31,0
21,480167,3.43,3.67,-0.24,0
21,480205,3.34,3.54,-0.20,0
21,480348,3.15,3.39,-0.24,0
21,480526,3.11,3.28,-0.17,0
21,480564,3.02,3.18,-0.16,0
21,480707,2.99,3.10,-0.11,0
21,480815,2.83,3.00,-0.17,0
21,480993,2.48,2.80,-0.32,0
21,481021,2.44,2.66,-0.22,0
21,481149,2.50,2.60,-0.10,0
21,481282,2.21,2.45,-0.24,0
21,481390,2.00,2.27,-0.27,0
21,481513,2.00,2.17,-0.17,0
21,481726,1.80,2.02,-0.22,0
21,481834,1.77,1.92,-0.15,0
21,481942,1.61,1.80,-0.19,0
21,482025,1.49,1.68,-0.19,0
21,482133,1.51,1.61,-0.10,0
